<?xml version="1.0" encoding="UTF-8"?>
<metadata xmlns:xs="http://www.w3.org/2001/XMLSchema" xmlns:fn="http://www.w3.org/2005/xpath-functions" xmlns:xdt="http://www.w3.org/2005/xpath-datatypes">
<idinfo>
<citation>
<citeinfo>
<origin>Washington State Department of Transportation</origin>
<pubdate>20200605</pubdate>
<title>Traffic Counts 2019, Washington State Department of Transportation</title>
<geoform>vector digital data</geoform>
</citeinfo>
</citation>
<descript>
<abstract>2019 Annual Average Daily Traffic figures for state highway traffic count locations. Data represents all directions of travel for the given location.</abstract>
<purpose>To fulfill federal reporting requirements and help meet departmental point-specific traffic information needs.</purpose>
</descript>
<timeperd>
<timeinfo>
<rngdates>
<begdate>20190101</begdate>
<begtime>unknown</begtime>
<enddate>20191231</enddate>
<endtime>unknown</endtime>
</rngdates>
</timeinfo>
<current>publication date</current>
</timeperd>
<status>
<progress>Complete</progress>
<update>Annually</update>
</status>
<spdom>
<bounding>
<westbc>-124.673250</westbc>
<eastbc>-116.864661</eastbc>
<northbc>49.042512</northbc>
<southbc>45.505057</southbc>
</bounding>
</spdom>
<keywords>
<theme>
<themekt>None</themekt>
<themekey>Traffic</themekey>
<themekey>Annual Average Daily Traffic</themekey>
<themekey>Traffic Volume</themekey>
<themekey>AADT</themekey>
</theme>
</keywords>
<accconst>None</accconst>
<useconst>The Washington State Department of Transportation shall not be liable for any activity involving this data with regard to lost profits or savings or any other consequential damages; or the fitness for use of the data for a particular purpose; or the installation of the data, its use, or the results obtained.</useconst>
<ptcontac>
<cntinfo>
<cntorgp>
<cntorg>Washington State Department of Transportation</cntorg>
<cntper>Trevor Annis</cntper>
</cntorgp>
<cntaddr>
<addrtype>physical</addrtype>
<address>7345 Linderson Way SW</address>
<city>Tumwater</city>
<state>WA</state>
<postal>98501-6504</postal>
<country>US</country>
</cntaddr>
<cntvoice>(360) 570-2426</cntvoice>
<cntemail>Trevor.Annis@wsdot.wa.gov</cntemail>
<cntinst>Contact by e-mail is preferred.</cntinst>
</cntinfo>
</ptcontac>
<native>Version 6.2 (Build 9200) ; Esri ArcGIS 10.6.1.9270</native>
</idinfo>
<dataqual>
<logic>None</logic>
<complete>Data is provided for all state routes and route types, where available.</complete>
<lineage>
<procstep>
<procdesc>Count location AADTs and Direction of Travel were downloaded from WSDOT's Datamart. For records with a Traffic Count Leg Code of 1 or 2, 0.01 was subtracted or added (respectively) from the record's ARM value. Data queried on process date.</procdesc>
<procdate>20200514</procdate>
<proccont>
<cntinfo>
<cntorgp>
<cntorg>Washington State Department of Transportation</cntorg>
<cntper>Trevor Annis</cntper>
</cntorgp>
<cntaddr>
<addrtype>physical</addrtype>
<address>7345 Linderson Way SW</address>
<city>Tumwater</city>
<state>WA</state>
<postal>98501-6504</postal>
<country>US</country>
</cntaddr>
<cntvoice>(360) 570-2426</cntvoice>
<cntemail>Trevor.Annis@wsdot.wa.gov</cntemail>
<cntinst>Contact by e-mail is preferred.</cntinst>
</cntinfo>
</proccont>
</procstep>
<procstep>
<procdesc>Placed extracted datasets onto the 2019 Linear Referencing System (LRS) using route events. Data was placed on the Increasing 24k LRS except for roadway segments with no lanes carrying traffic in the increasing direction of mileposting. These points were placed on the Decreasing 24k LRS. Those two datasets were merged together to produce the final result.</procdesc>
<procdate>20200514</procdate>
<proccont>
<cntinfo>
<cntorgp>
<cntorg>Washington State Department of Transportation</cntorg>
<cntper>Trevor Annis</cntper>
</cntorgp>
<cntaddr>
<addrtype>mailing</addrtype>
<address>PO Box 47380</address>
<city>Olympia</city>
<state>WA</state>
<postal>98504-7380</postal>
<country>US</country>
</cntaddr>
<cntvoice>(360) 570-2426</cntvoice>
<cntemail>Trevor.Annis@wsdot.wa.gov</cntemail>
<cntinst>Contact by e-mail is preferred.</cntinst>
</cntinfo>
</proccont>
</procstep>
</lineage>
</dataqual>
<spdoinfo>
<direct>Vector</direct>
<ptvctinf>
<sdtsterm>
<sdtstype>Entity point</sdtstype>
<ptvctcnt>6872</ptvctcnt>
</sdtsterm>
</ptvctinf>
</spdoinfo>
<spref>
<horizsys>
<planar>
<mapproj>
<lambertc>
<stdparll>45.83333333333334</stdparll>
<stdparll>47.33333333333334</stdparll>
<longcm>-120.5</longcm>
<latprjo>45.33333333333334</latprjo>
<feast>1640416.666666667</feast>
<fnorth>0.0</fnorth>
</lambertc>
</mapproj>
<planci>
<plance>coordinate pair</plance>
<coordrep>
<absres>0.0003280833333333333</absres>
<ordres>0.0003280833333333333</ordres>
</coordrep>
<plandu>foot_us</plandu>
</planci>
</planar>
<geodetic>
<horizdn>D North American 1983 HARN</horizdn>
<ellips>GRS 1980</ellips>
<semiaxis>6378137.0</semiaxis>
<denflat>298.257222101</denflat>
</geodetic>
</horizsys>
</spref>
<eainfo>
<detailed>
<enttyp></enttyp>
<attr>
<attrlabl>OBJECTID</attrlabl>
<attrdef>Internal feature number.</attrdef>
<attrdefs>Esri</attrdefs>
<attrdomv>
<udom>Sequential unique whole numbers that are automatically generated.</udom>
</attrdomv>
</attr>
<attr>
<attrlabl>LRSDate</attrlabl>
<attrdef>The Linear Referencing System date that this record is using for location.</attrdef>
</attr>
<attr>
<attrlabl>DirectionOfTravel</attrlabl>
<attrdef>The direction of travel that traffic data is applicable to. Compass direction, as opposed to the ultimate direction of the roadway, is used. Ramp traffic data is coded in relation to the direction of travel of the mainline that the ramp provides egress from or ingress to.</attrdef>
</attr>
<attr>
<attrlabl>StateRouteNumber</attrlabl>
<attrdef>The number assigned to the State Route and enacted into law by the Washington State Legislature</attrdef>
</attr>
<attr>
<attrlabl>RelatedRouteType</attrlabl>
<attrdef>A Code that represents a a classification of a route associated with a mainline state route, examples include: Couplet, Spur, Alternate Route, etc. </attrdef>
<attrdefs>WSDOT Application - DOTS</attrdefs>
<attrdomv>
<edom>
<edomvd>Mainline</edomvd>
<edomvds>WSDOT Application - DOTS</edomvds>
</edom>
</attrdomv>
<attrdomv>
<edom>
<edomv>AR</edomv>
<edomvd>Alternate Route</edomvd>
<edomvds>WSDOT Application - DOTS</edomvds>
</edom>
</attrdomv>
<attrdomv>
<edom>
<edomv>CD</edomv>
<edomvd>Collector - Distributor - Decreasing</edomvd>
<edomvds>WSDOT Application - DOTS</edomvds>
</edom>
</attrdomv>
<attrdomv>
<edom>
<edomv>CI</edomv>
<edomvd>Collector - Distributor - Increasing</edomvd>
<edomvds>WSDOT Application - DOTS</edomvds>
</edom>
</attrdomv>
<attrdomv>
<edom>
<edomv>CO</edomv>
<edomvd>Couplet</edomvd>
<edomvds>WSDOT Application - DOTS</edomvds>
</edom>
</attrdomv>
<attrdomv>
<edom>
<edomv>FD</edomv>
<edomvd>Frontage Road - Decreasing</edomvd>
<edomvds>WSDOT Application - DOTS</edomvds>
</edom>
</attrdomv>
<attrdomv>
<edom>
<edomv>FI</edomv>
<edomvd>Frontage Road - Increasing</edomvd>
<edomvds>WSDOT Application - DOTS</edomvds>
</edom>
</attrdomv>
<attrdomv>
<edom>
<edomv>FT</edomv>
<edomvd>Ferry Terminal</edomvd>
<edomvds>WSDOT Application - DOTS</edomvds>
</edom>
</attrdomv>
<attrdomv>
<edom>
<edomv>FS</edomv>
<edomvd>Ferry Ship (boat)</edomvd>
<edomvds>WSDOT Application - DOTS</edomvds>
</edom>
</attrdomv>
<attrdomv>
<edom>
<edomv>HD</edomv>
<edomvd>Grade separated HOV Lane - Decreasing</edomvd>
<edomvds>WSDOT Application - DOTS</edomvds>
</edom>
</attrdomv>
<attrdomv>
<edom>
<edomv>HI</edomv>
<edomvd>Grade separated HOV Lane - Increasing</edomvd>
<edomvds>WSDOT Application - DOTS</edomvds>
</edom>
</attrdomv>
<attrdomv>
<edom>
<edomv>LX</edomv>
<edomvd>Crossroad within Interchange</edomvd>
<edomvds>WSDOT Application - DOTS</edomvds>
</edom>
</attrdomv>
<attrdomv>
<edom>
<edomv>PR</edomv>
<edomvd>Proposed Route</edomvd>
<edomvds>WSDOT Application - DOTS</edomvds>
</edom>
</attrdomv>
<attrdomv>
<edom>
<edomv>RL</edomv>
<edomvd>Reversible Lane</edomvd>
<edomvds>WSDOT Application - DOTS</edomvds>
</edom>
</attrdomv>
<attrdomv>
<edom>
<edomv>SP</edomv>
<edomvd>Spur</edomvd>
<edomvds>WSDOT Application - DOTS</edomvds>
</edom>
</attrdomv>
<attrdomv>
<edom>
<edomv>TB</edomv>
<edomvd>Transitional Turnback</edomvd>
<edomvds>WSDOT Application - DOTS</edomvds>
</edom>
</attrdomv>
<attrdomv>
<edom>
<edomv>TR</edomv>
<edomvd>Temporary Route</edomvd>
<edomvds>WSDOT Application - DOTS</edomvds>
</edom>
</attrdomv>
<attrdomv>
<edom>
<edomv>UC</edomv>
<edomvd>Under Construction</edomvd>
<edomvds>WSDOT Application - DOTS</edomvds>
</edom>
</attrdomv>
<attrdomv>
<edom>
<edomv>P1-P9</edomv>
<edomvd>Off Ramp - Increasing, P4 contained only within Urban Interchanges</edomvd>
<edomvds>WSDOT Application - DOTS</edomvds>
</edom>
</attrdomv>
<attrdomv>
<edom>
<edomv>Q1-Q9</edomv>
<edomvd>On Ramp - Increasing, Q4 contained only within Urban Interchanges</edomvd>
<edomvds>WSDOT Application - DOTS</edomvds>
</edom>
</attrdomv>
<attrdomv>
<edom>
<edomv>R1-R9</edomv>
<edomvd>Off Ramp - Decreasing, R4 contained only within Urban Interchanges</edomvd>
<edomvds>WSDOT Application - DOTS</edomvds>
</edom>
</attrdomv>
<attrdomv>
<edom>
<edomv>S1-S9</edomv>
<edomvd>On Ramp - Decreasing, S4 contained only within Urban Interchanges</edomvd>
<edomvds>WSDOT Application - DOTS</edomvds>
</edom>
</attrdomv>
<attrdomv>
<edom>
<edomv>U1-U9</edomv>
<edomvd>Weight Station Ramp - Increasing</edomvd>
<edomvds>WSDOT Application - DOTS</edomvds>
</edom>
</attrdomv>
<attrdomv>
<edom>
<edomv>W1-W9</edomv>
<edomvd>Weigh Station Ramp - Decreasing</edomvd>
<edomvds>WSDOT Application - DOTS</edomvds>
</edom>
</attrdomv>
<attrdomv>
<edom>
<edomv>X1-X9</edomv>
<edomvd>Safety Rest Area Ramp - Increasing</edomvd>
<edomvds>WSDOT Application - DOTS</edomvds>
</edom>
</attrdomv>
<attrdomv>
<edom>
<edomv>Y1-Y9</edomv>
<edomvd>Safety Rest Area Ramp - Decreasing</edomvd>
<edomvds>WSDOT Application - DOTS</edomvds>
</edom>
</attrdomv>
</attr>
<attr>
<attrlabl>RelatedRouteQualifier</attrlabl>
<attrdef>A reference used to uniquely identify the physical location of the State Route Related Route Type. The State Route Related Route Qualifier can be based on a State Route Milepost, street name, city, or other distinguishing geographic reference.</attrdef>
</attr>
<attr>
<attrlabl>Location</attrlabl>
<attrdef>Text description of the count location in terms of the State Route Milepost and Ahead/Back Indicator of a nearby physical feature of the roadway (e.g., an intersection or bridge). Within this description, the words 'before' and 'after' are used in relation to the increasing direction of mileposting.</attrdef>
</attr>
<attr>
<attrlabl>AADT</attrlabl>
<attrdef>The annual average daily traffic figure calculated by the WSDOT Travel and Analysis Branch for the roadway location and year indicated.</attrdef>
</attr>
<attr>
<attrlabl>SingleUnitTruckPct</attrlabl>
<attrdef>The percentage of total, combined-direction daily traffic represented by single-unit trucks and buses (i.e. Federal Highway Administration vehicle classes 4 through 7).</attrdef>
</attr>
<attr>
<attrlabl>DoubleUnitTruckPct</attrlabl>
<attrdef>The percentage of total, combined-direction daily traffic represented by tractors and single-unit trucks with a trailer (i.e. Federal Highway Administration vehicle classes 8 through 10).</attrdef>
</attr>
<attr>
<attrlabl>TripleUnitTruckPct</attrlabl>
<attrdef>The percentage of total, combined-direction daily traffic represented by tractors and single-unit trucks with two or more trailers (i.e. Federal Highway Administration vehicle classes 11 through 13).</attrdef>
</attr>
<attr>
<attrlabl>RouteIdentifier</attrlabl>
<attrdef>A unique Route identifier to identify a route (City,County State, Tribal, Forest) in any given data set. For State Routes, Route IDs are assigned by WSDOT's GIS and Roadway Data Office</attrdef>
<attrdomv>
<udom>Coordinates defining the features.</udom>
</attrdomv>
</attr>
<attr>
<attrlabl>AccumulatedRouteMile</attrlabl>
<attrdef>The measure of a point along the length of a route in which the distance is measured as an accrual of mileage from the beginning of the route</attrdef>
<attrdomv>
<udom>Coordinates defining the features.</udom>
</attrdomv>
</attr>
<attr>
<attrlabl>GlobalID</attrlabl>
<attrdef>Automatically assigned universal unique identifier.</attrdef>
</attr>
<attr>
<attrlabl>SHAPE</attrlabl>
<attrdef>Feature geometry.</attrdef>
<attrdefs>Esri</attrdefs>
<attrdomv>
<udom>Coordinates defining the features.</udom>
</attrdomv>
</attr>
</detailed>
</eainfo>
<distinfo>
<distrib>
<cntinfo>
<cntorgp>
<cntorg>Washington State Department of Transportation, Office of Information Technology</cntorg>
<cntper>Jordyn Mitchell</cntper>
</cntorgp>
<cntpos>GIS Database Administrator</cntpos>
<cntaddr>
<addrtype>mailing</addrtype>
<address>PO Box 47430</address>
<city>Olympia</city>
<state>WA</state>
<postal>98504-7430</postal>
<country>US</country>
</cntaddr>
<cntvoice>360-705-7645</cntvoice>
<cntemail>mitchejo@wsdot.wa.gov</cntemail>
</cntinfo>
</distrib>
<distliab>The Washington State Department of Transportation shall not be liable for any activity involving this data with regard to lost profits or savings or any other consequential damages; or the fitness for use of the data for a particular purpose; or the installation of the data, its use, or the results obtained.</distliab>
<stdorder>
<fees>none</fees>
<ordering>Download individual data sets from http://www.wsdot.wa.gov/mapsdata/geodatacatalog/default.htm</ordering>
</stdorder>
</distinfo>
<metainfo>
<metd>20200604</metd>
<metc>
<cntinfo>
<cntorgp>
<cntorg>Washington State Department of Transportation</cntorg>
<cntper>Trevor Annis</cntper>
</cntorgp>
<cntaddr>
<addrtype>mailing</addrtype>
<address>PO Box 47380</address>
<city>Olympia</city>
<state>WA</state>
<postal>98504-7380</postal>
<country>US</country>
</cntaddr>
<cntvoice>(360) 570-2426</cntvoice>
<cntemail>Trevor.Annis@wsdot.wa.gov</cntemail>
<cntinst>Contact by e-mail is preferred.</cntinst>
</cntinfo>
</metc>
<metstdn>FGDC Content Standard for Digital Geospatial Metadata</metstdn>
<metstdv>FGDC-STD-001-1998</metstdv>
<mettc>local time</mettc>
</metainfo>
</metadata>
