<?xml version="1.0" encoding="UTF-8"?>
<metadata xmlns:xs="http://www.w3.org/2001/XMLSchema" xmlns:fn="http://www.w3.org/2005/xpath-functions" xmlns:xdt="http://www.w3.org/2005/xpath-datatypes">
<idinfo>
<citation>
<citeinfo>
<origin>Washington State Department of Transportation (WSDOT)</origin>
<pubdate>20201101</pubdate>
<title>Roadway Rural/Urban 2019, Washington State Department of Transportation</title>
<geoform>vector digital data</geoform>
<pubinfo>
<pubplace>Tumwater, Washington</pubplace>
<publish>Washington State Department of Transportation</publish>
</pubinfo>
</citeinfo>
</citation>
<descript>
<abstract>This is an extract from the State Highway Log that shows Rural and Urban indicators along State Routes. State Route identifiers and locations based on State Route Mileposts and Accumulated Route Mileage are also included for geographic reference and for use with the Washington State Department of Transportation's 24k and 500k Linear Referencing Systems. Please direct questions about this dataset to: TransportationGISDataSteward@wsdot.wa.gov.</abstract>
<purpose>To enable Geographic Information System users to more easily display and analyze a subset of the data contained in the State Highway Log in conjunction with the Washington State 24k and 500k Linear Referencing Systems.</purpose>
<supplinf>Additional information can be found in the "State Highway Log", Electronic State Highway Log Data Definitions.doc, and the DOTarmcalc01.txt through the Point of Contact below. This data reflects the corresponding annually published State Highway Log Planning Report.</supplinf>
</descript>
<timeperd>
<timeinfo>
<sngdate>
<caldate>20191231</caldate>
<time>unknown</time>
</sngdate>
</timeinfo>
<current>ground condition</current>
</timeperd>
<status>
<progress>Complete</progress>
<update>Annually</update>
</status>
<spdom>
<bounding>
<westbc>-124.674937</westbc>
<eastbc>-116.861308</eastbc>
<northbc>49.042695</northbc>
<southbc>45.504776</southbc>
</bounding>
</spdom>
<keywords>
<theme>
<themekt>None</themekt>
<themekey>State Highway Log</themekey>
<themekey>Urban</themekey>
<themekey>Highway Data</themekey>
<themekey>Road Log</themekey>
<themekey>Rural</themekey>
<themekey>State Route Data</themekey>
<themekey>TRIPS</themekey>
</theme>
</keywords>
<accconst>None</accconst>
<useconst>The data contained within the State Highway Log is collected and updated using contract plans, field reviews and information provided by numerous WSDOT Regional and Headquarters offices as well as other county and city sources. Due to the diverse sources of this data, no accuracy statement is available. Also, this data may have changed since the publication date. If you find an error with this data and can provide updated information, please contact WSDOT at (360) 570-2361 or fax (360) 570-2400. We are continuously looking for sources to provide us with quality information.</useconst>
<ptcontac>
<cntinfo>
<cntorgp>
<cntorg>Washington State Department of Transportation (WSDOT)</cntorg>
<cntper>Lou Baker</cntper>
</cntorgp>
<cntpos>Roadway Geometric Supervisor</cntpos>
<cntaddr>
<addrtype>mailing</addrtype>
<address>PO Box 47380</address>
<city>Olympia</city>
<state>WA</state>
<postal>98504-7380</postal>
<country>US</country>
</cntaddr>
<cntvoice>(360) 570-2361</cntvoice>
<cntemail>bakerl@wsdot.wa.gov</cntemail>
<hours>M-F, 6:00a - 2:30p</hours>
<cntinst>Contact by e-mail is preferred.</cntinst>
</cntinfo>
</ptcontac>
<datacred>Washington State Department of Transportation</datacred>
<native>Version 6.2 (Build 9200) ; Esri ArcGIS 10.6.1.9270</native>
</idinfo>
<dataqual>
<attracc>
<attraccr>Values were obtained from the Transportation Information and Planning Support (TRIPS) database.</attraccr>
</attracc>
<complete>The data contained within the State Highway Log is collected and updated using contract plans, field reviews and information provided by numerous WSDOT Regional and Headquarters offices as well as other county and city sources over the course of a year. This data may have changed since the publication date. Only those records that have a RouteID (Route Identifier) found in the Washington State Highways at 24K Linear Referencing System can be graphically placed as events. RouteIDs that have been added or revised since the completeness date of the LRS will not place, nor will RouteIDs for road features not carried by the LRS.</complete>
<posacc>
<horizpa>
<horizpar>Positional accuracy of this data set has not been determined</horizpar>
</horizpa>
</posacc>
<lineage>
<procstep>
<procdesc>Data originated from the TRansportation Information and Planning Support (TRIPS) mainframe database which in turn then feeds into a sequel database which offers greater flexibility in reporting. The information is then extracted and exported into the Excel format.</procdesc>
<proccont>
<cntinfo>
<cntorgp>
<cntorg>Washington State Department of Transportation (WSDOT)</cntorg>
<cntper>Kevin Perkins</cntper>
</cntorgp>
<cntpos>Roadway Data Steward</cntpos>
<cntaddr>
<addrtype>mailing</addrtype>
<address>PO Box 47380</address>
<city>Olympia</city>
<state>WA</state>
<postal>98504-7380</postal>
<country>US</country>
</cntaddr>
<cntvoice>(360) 570-2387</cntvoice>
<cntfax>(360) 570-2400</cntfax>
<cntemail>perkink@wsdot.wa.gov</cntemail>
<hours>M-Th 6:00a - 4:30p</hours>
<cntinst>Contact by e-mail is preferred.</cntinst>
</cntinfo>
</proccont>
</procstep>
<procstep>
<procdesc>The excel spreadsheets were imported into a file geodatabase. From the file geodatabase, route events were created for the corresponding routes. Route events were exported into feature classes and merged into one data set.</procdesc>
<proccont>
<cntinfo>
<cntorgp>
<cntorg>Washington State Department of Transportation (WSDOT)</cntorg>
<cntper>Dan Keller</cntper>
</cntorgp>
<cntaddr>
<addrtype>mailing</addrtype>
<address>PO Box 47380</address>
<city>Olympia</city>
<state>WA</state>
<postal>98504-7380</postal>
<country>US</country>
</cntaddr>
<cntvoice>(360) 570-2410</cntvoice>
<cntemail>kelled@wsdot.wa.gov</cntemail>
<cntinst>Contact by e-mail is preferred.</cntinst>
</cntinfo>
</proccont>
</procstep>
</lineage>
</dataqual>
<spdoinfo>
<direct>Vector</direct>
<ptvctinf>
<sdtsterm>
<sdtstype>Complete chain</sdtstype>
<ptvctcnt>4456</ptvctcnt>
</sdtsterm>
</ptvctinf>
</spdoinfo>
<eainfo>
<detailed>
<enttyp>
<enttypd>Roadway Rural/Urban Designation</enttypd>
</enttyp>
<attr>
<attrlabl>OBJECTID</attrlabl>
<attrdef>Internal feature number.</attrdef>
<attrdefs>ESRI</attrdefs>
<attrdomv>
<udom>Sequential unique whole numbers that are automatically generated.</udom>
</attrdomv>
</attr>
<attr>
<attrlabl>RouteIdentifier</attrlabl>
<attrdef>A unique Route identifier to identify a route (City,County State, Tribal, Forest) in any given data set. For State Routes, Route IDs are assigned by WSDOT's GIS and Roadway Data Office</attrdef>
<attrdefs>WSDOT Application - DOTS</attrdefs>
</attr>
<attr>
<attrlabl>BeginStateRouteMilepost</attrlabl>
<attrdef>A logical number, assigned by a Linear Referencing Method, to the beginning of a roadway segment along a State Route. This value will always match the Accumulated Route Mileage value unless there has been a realignment or jurisdictional transfer which changes the length of a route.</attrdef>
<attrdefs>WSDOT Application - DOTS</attrdefs>
</attr>
<attr>
<attrlabl>EndStateRouteMilepost</attrlabl>
<attrdef>A logical number, assigned by a Linear Referencing Method, to the end of a roadway segment along a State Route. This value will always match the Accumulated Route Mileage value unless there has been a realignment or jurisdictional transfer which changes the length of a route.</attrdef>
<attrdefs>WSDOT Application - DOTS</attrdefs>
</attr>
<attr>
<attrlabl>BeginAheadBackIndicator</attrlabl>
<attrdef>An indicator that denotes if the Begin Milepost is within a back mileage equation area. A back mileage equation area occurs when a segment of a route is added at any point other than the end of an existing route, or when a realignment occurs</attrdef>
<attrdefs>WSDOT Application - DOTS</attrdefs>
<attrdomv>
<edom>
<edomv>A</edomv>
<edomvd>Ahead</edomvd>
</edom>
<edom>
<edomv>B</edomv>
<edomvd>Back</edomvd>
</edom>
</attrdomv>
</attr>
<attr>
<attrlabl>EndAheadBackIndicator</attrlabl>
<attrdef>An indicator that denotes if the End Milepost is within a back mileage equation area. A back mileage equation area occurs when a segment of a route is added at any point other than the end of an existing route, or when a realignment occurs </attrdef>
<attrdefs>WSDOT Application - DOTS</attrdefs>
<attrdomv>
<edom>
<edomv>A</edomv>
<edomvd>Ahead</edomvd>
</edom>
<edom>
<edomv>B</edomv>
<edomvd>Back</edomvd>
</edom>
</attrdomv>
</attr>
<attr>
<attrlabl>BeginAccumulatedRouteMile</attrlabl>
<attrdef>The measure of a point at the beginning of a roadway segment along the length of a route in which the distance is measured as an accrual of mileage from the beginning of the route. The Accumulated Route Mile Begin may define the starting point for a business activity or measurement. For example, project location or roadside event.</attrdef>
<attrdefs>WSDOT Application - DOTS</attrdefs>
</attr>
<attr>
<attrlabl>EndAccumulatedRouteMile</attrlabl>
<attrdef>The measure of a point at the end of a roadway segment along the length of a route in which the distance is measured as an accrual of mileage from the beginning of the route. The Accumulated Route Mile Begin may define the starting point for a business activity or measurement. For example, project location or roadside event.</attrdef>
<attrdefs>WSDOT Application - DOTS</attrdefs>
</attr>
<attr>
<attrlabl>SnapshotDate</attrlabl>
<attrdef>The date of a point in time that data was fixed or a "snapshot" taken of the data.</attrdef>
<attrdefs>WSDOT Application - DOTS</attrdefs>
</attr>
<attr>
<attrlabl>LRSDate</attrlabl>
<attrdef>The Linear Referencing System date that this record is using for location.</attrdef>
<attrdefs>WSDOT Application - DOTS</attrdefs>
</attr>
<attr>
<attrlabl>SHAPE</attrlabl>
<attrdef>Feature geometry.</attrdef>
<attrdefs>Esri</attrdefs>
<attrdomv>
<udom>Coordinates defining the features.</udom>
</attrdomv>
</attr>
<attr>
<attrlabl>UrbanRuralCode</attrlabl>
<attrdef>A code that indicates whether a State Route is classified as rural or urban.</attrdef>
<attrdomv>
<edom>
<edomv>R</edomv>
<edomvd>Rural</edomvd>
</edom>
<edom>
<edomv>U</edomv>
<edomvd>Urban</edomvd>
</edom>
</attrdomv>
</attr>
<attr>
<attrlabl>SHAPE.STLength()</attrlabl>
</attr>
</detailed>
<overview>
<eaover>This tabular data can be used with the State Route Linear Referencing System geospatial data set to depict the locations of Rural/Urban Indicators along Washington's State Routes.</eaover>
</overview>
</eainfo>
<distinfo>
<distrib>
<cntinfo>
<cntorgp>
<cntorg>Washington State Department of Transportation, Office of Information Technology</cntorg>
<cntper>Jordyn Mitchell</cntper>
</cntorgp>
<cntpos>GIS Database Administrator</cntpos>
<cntaddr>
<addrtype>mailing</addrtype>
<address>PO Box 47430</address>
<city>Olympia</city>
<state>WA</state>
<postal>98504-7430</postal>
<country>US</country>
</cntaddr>
<cntvoice>360-705-7645</cntvoice>
<cntemail>mitchejo@wsdot.wa.gov</cntemail>
</cntinfo>
</distrib>
<distliab>The Washington State Department of Transportation shall not be liable for any activity involving this data with regard to lost profits or savings or any other consequential damages; or the fitness for use of the data for a particular purpose; or the installation of the data, its use, or the results obtained.</distliab>
<stdorder>
<fees>none</fees>
<ordering>Download individual data sets from http://www.wsdot.wa.gov/mapsdata/geodatacatalog/default.htm</ordering>
</stdorder>
</distinfo>
<metainfo>
<metd>20201022</metd>
<metc>
<cntinfo>
<cntorgp>
<cntorg>Washington State Department of Transportation (WSDOT)</cntorg>
<cntper>Thomas A. Blake</cntper>
</cntorgp>
<cntpos>GIS Data Products Supervisor</cntpos>
<cntaddr>
<addrtype>mailing</addrtype>
<address>PO Box 47380</address>
<city>Olympia</city>
<state>WA</state>
<postal>98504-7380</postal>
<country>US</country>
</cntaddr>
<cntvoice>(360) 570-2363</cntvoice>
<cntemail>blaket@wsdot.wa.gov</cntemail>
<cntinst>Contact by e-mail is preferred.</cntinst>
</cntinfo>
</metc>
<metstdn>FGDC Content Standard for Digital Geospatial Metadata</metstdn>
<metstdv>FGDC-STD-001-1998</metstdv>
<mettc>local time</mettc>
</metainfo>
</metadata>
